{
    "mean_confidence": 0.7117794957476367,
    "median_confidence": 0.7117794957476367,
    "min_confidence": 0.6082363773206236,
    "max_confidence": 0.8153226141746498,
    "incorrect_mean_confidence": 0.0,
    "correct_mean_confidence": 0.7117794957476367
}